computer,user
L2YP9GH2,AC88648
D3L6YJH2,AD28389
LG9C2VP2,AF88878
L1CDHFH2,AF70321
L50JKSC2,aa85958
L9RD6GH2,AD27841
L9XSWJM2,AD57929
LC7RRVP2,AD78393
LB1HJFH2,AD56830
VDAASW707777,AF24317
LHKC8VN2,AC85646
DMXL430161M ,AC89050
LBMW6VN2,AF47626
L9CJ26H2,AF53248
L9RDFP12,ymg4027
L1MXCQQ2,AC85612
L4190JM2,AC63582
L7GV2VN2,AC86753
L15LPZF2,AD44516
D34L4CZ1,ad98258
LGV32QN2,LGV32QN2
LG75RG12,2R3G6BVX
LF891N12,ab29004
LCZCP2H2,ac57723
LG0B7QH2,2DA3YMWN
LBXZQSC2,AC86576
LCNS06H2,AC90822
LJDXCQQ2,JUDEML
L5X2MPF2,ac88849
DHSQP082,ab64198
LFZKPJ72,AC82895
L3ZPSP72,lsj1400
L3NLR2H2,robinhl
D8V79HH2,AC88425
LB9MMLH2,AF83789
LBH790G2,Warrelb
LHGBN8H2,ab24307
L5XW1GH2,arw6562
