computer,user
LG9C2VP2,AF88878
L9RD6GH2,AD27841
VDAASW707777,AF24317
DMXL430161M ,AC89050
L9CJ26H2,AF53248
L1MXCQQ2,AC85612
D34L4CZ1,ad98258
LGV32QN2,LGV32QN2
LCZCP2H2,ac57723
LG0B7QH2,2DA3YMWN
LCNS06H2,AC90822
L5X2MPF2,ac88849
L3ZPSP72,lsj1400
L3NLR2H2,robinhl
LB9MMLH2,AF83789
L5XW1GH2,arw6562
L8CQ0N72,ab22035
LGCK7GH2,AC85190
LB9MMLH2,AF83789
DCG0DCZ1,AD14390
DCG0DCZ1,AD14390
LBCWXRC2,AC90995
L8CQ0N72,ab22035
LJXXKH72,AD58502
L9RD6GH2,AD27841
VDAASW707777,17GPHTWV
L5XW1GH2,arw6562
D34L4CZ1,ad98258
LCZCP2H2,ac57723
LCNS06H2,AC90822
L3ZPSP72,lsj1400
L1MXCQQ2,AC85612
L9CJ26H2,AF53248
LG9C2VP2,AF88878
L5X2MPF2,ac88849
